<?xml version="1.0" encoding="utf-8" ?>

<sprog>

  <!--- Dansk -->
  <dk>

    <txt_1 >se ugeseddel</txt_1>
    <txt_2 >Der blev ikke fundet nogen</txt_2>
    <txt_3 >aktiviteter</txt_3>
    <txt_4 >på dette job i den valgte periode.</txt_4>
    <txt_5 >Tjek at du har</txt_5>
    <txt_6 >rettigheder til aktiviteterne</txt_6>
    <txt_7 >og at de ligger i det korrekte</txt_7>
    <txt_8 >tidsinterval</txt_8>
    <txt_9 >startdato nyere end mandag i valgte uge</txt_9>
    <txt_10 >Hvis jobbet har status som et tilbud vises kun</txt_10>
    <txt_11 >salgs-aktiviteter.</txt_11>
    <txt_12 >Der</txt_12>
    <txt_13 >findes ikke forecast / timebudget</txt_13>
    <txt_14 >på aktiviteterne endnu. (og forecast-filter er slået til)</txt_14>
    <txt_15 >Tilføj aktiviteter til liste</txt_15>
    <txt_16 >vælg aktiviteter fra personlig aktiv-jobliste</txt_16>
    <txt_17 >Kontakt</txt_17>
    <txt_18 >Job</txt_18>
    <txt_19 >Fase</txt_19>
    <txt_20 >Aktivitet</txt_20>
    <txt_21 >Valgte aktiviteter vil komme med på listen ovenfor.</txt_21>
    <txt_22 >Der går ca. 2-3 sek.</txt_22>
    <txt_23 >Tilføj</txt_23>
    <txt_24 >Rediger</txt_24>
    <txt_25 >igangv.job</txt_25>
    <txt_26 >Real.</txt_26>
    <txt_27 >Fak.</txt_27>
    <txt_28 >Opdater alle medarb. i valgte grp.</txt_28>
    <txt_29 >Der er valgt Easyreg.</txt_29>
    <txt_30 >Alle Easyreg. aktiviteter på de valgte kunder vises.</txt_30>
    <txt_31 >Der er valgt HR liste.</txt_31>
    <txt_32 >Alle interne job, sygdom, ferie, interntid etc. (prioitet = -2)</txt_32>
    <txt_33 >Tilføj job til HR listen ved at redigere job --> Avanceret --> Sæt prioitet = -2</txt_33>
    <txt_34 >Der er opstået en fejl.</txt_34>
    <txt_35 >Du har glemt at vælge uge/måned!</txt_35>
    <txt_36 >Tilbage</txt_36>
    <txt_37 >visAlleMedarb</txt_37>
    <txt_38 >Forventet loadtid: 4-7 sekunder</txt_38>
    <txt_39 >Administrator</txt_39>
    <txt_40 >Viser alle aktiviteter.</txt_40>
    <txt_41 >Teamleder</txt_41>
    <txt_42 >viser egne rettigheder på aktiviteter, så Du kan taste for andre medarbejdere på de aktiviteter Du har rettighed til.</txt_42>
    <txt_43 >Filter</txt_43>
    <txt_44 >Links</txt_44>
    <txt_45 >Du kan ikke længere registrere timer</txt_45>
    <txt_46 >Det skyldes højst sandsynligt en af følgende årsager:</txt_46>
    <txt_47 >A) Du har for mange uafsluttede uger.</txt_47>
    <txt_48 >B) Din bruger er blevet de-aktiviteret.</txt_48>
    <txt_49 >C) Din fratrædelsesdato er overskredet.</txt_49>
    <txt_50 >Upload og importér .csv fil</txt_50>
    <txt_51 >Multitildel</txt_51>
    <txt_52 >HR listen</txt_52>
    <txt_53 >Gennemtving min. indtastning 7,4 timer / 8,0 timer</txt_53>
    <txt_54 >Vis alle medarbejdere tilknyttet (via aktiv jobliste)</txt_54>
    <txt_55 >job</txt_55>
    <txt_56 >Maks. 50 medarbejdere</txt_56>
    <txt_57 >Fordel timer på Easyreg. aktiviteter</txt_57>
    <txt_58 >0 = nulstil</txt_58>
    <txt_59 >Pers.</txt_59>
    <txt_60 >Prioritet</txt_60>
    <txt_61 >Oprettet af</txt_61>
    <txt_62 >Gem</txt_62>
    <txt_63 >Fjern</txt_63>
    <txt_64 >Kan ikke vise følgende job</txt_64>
    <txt_65 >TimeOut kan ikke åbne følgende job på din aktive jobliste af en eller flere grunde</txt_65>
    <txt_66 >Der er ikke oprettet aktiviteter på jobbet</txt_66>
    <txt_67 >Du ikke har adgang til aktiviteterne</txt_67>
    <txt_68 >Startdato på jobbet er efter ugens startdato</txt_68>
    <txt_69 >Du har overskredet maksimun antal aktivitslinjer på siden</txt_69>
    <txt_70 >Prøv at</txt_70>
    <txt_71 >Klik på jobbet herunder for at</txt_71>
    <txt_72 >tilføje projektgrupper</txt_72>
    <txt_73 >Find jobbet</txt_73>
    <txt_74 >på joblisten</txt_74>
    <txt_75 >for at ændre</txt_75>
    <txt_76 >startdato</txt_76>
    <txt_77 >Tilføj</txt_77>
    <txt_78 >aktiviteter</txt_78>
    <txt_79 >på jobbet</txt_79>
    <txt_80 >Fjern job på den aktive jobliste (maksimum antal aktivitetslinjer er overskreddet)</txt_80>
    <txt_81 >startdato på job er efter den valgte uge</txt_81>
    <txt_82 >Antal job</txt_82>
    <txt_83 >Antal aktivitetslinier</txt_83>
    <txt_84 >Kommentar bliver først gemt når timer indlæses. Indlæses på alle aktiviteter den valgte dag.</txt_84>
    <txt_85 >Tilføj til timeregistrering</txt_85>
    <txt_86 >Tilføj kommentar og udlæg / materialeforbrug til din timeregistrering på denne aktivitet</txt_86>
    <txt_87 >Ved kørselsregistrering,</txt_87>
    <txt_88 >er dette en bopælstur?</txt_88>
    <txt_89 >Kommentar gemmes først i forbindelse med timeregistrering.</txt_89>
    <txt_90 >Materiale forbrug</txt_90>
    <txt_91 >Opret "on the fly"</txt_91>
    <txt_92 >Tilføj fra lager</txt_92>
    <txt_93 >Tilknyt materialeforbrug til denne timeregistrering.</txt_93>
    <txt_94 >Tilføj ny kontakt</txt_94>
    <txt_95 >Du har kørt til</txt_95>
    <txt_96 >ellers vises kun salgs-aktiviteter</txt_96>
    <txt_97 >sættes i kontrolpanel</txt_97>
    <txt_98 >Vis kun job/aktiviteter med</txt_98>
    <txt_99 >på, for valgte medarbejder (sættes i kontrolpanel)</txt_99>
    <txt_100 >Der er valgt mere end 20 job eller mere end 200 aktiviteter på denne liste</txt_100>
    <txt_101 >Hvis der er vises mere end 20 job</txt_101>
    <txt_102 >eller over 200 aktiviteter</txt_102>
    <txt_103 >bliver visningen langsommere (> 10 sek.) og det er lettere at miste overblikket.</txt_103>
    <txt_104 >Du bør derfor overveje at vælge færre job eller rydde op i antallet af aktiviteter.</txt_104>
    <txt_105 >Nulstil</txt_105>
    <txt_106 >Hvis søgningen er stoppet kan du nulstille søgningen ved at klikke her.</txt_106>
    <txt_107 >Nulstil søgning</txt_107>
    <txt_108 >Fork.</txt_108>
    <txt_109 >Opdater</txt_109>
    <txt_110 >Vis alle</txt_110>
    <txt_111 >norm</txt_111>
    <txt_112 >t. pr. uge</txt_112>
    <txt_113 >Alle</txt_113>
    <txt_114 >Materiale</txt_114>
    <txt_115 >Dato</txt_115>
    <txt_116 >Antal</txt_116>
    <txt_117 >mat. Nr.</txt_117>
    <txt_118 >Leverandør</txt_118>
    <txt_119 >Lokation</txt_119>
    <txt_120 >Pris</txt_120>
    <txt_121 >Salgspris</txt_121>
    <txt_122 >Valuta</txt_122>
    <txt_123 >Internkode</txt_123>
    <txt_124 >Favorit links</txt_124>
    <txt_125 >Se personligt timeforbrug og budget</txt_125>
    <txt_126 >Dine job med timebudget/forecast FY</txt_126>
    <txt_127 >ingenIgangv.</txt_127>
    <txt_128 >ToDo's</txt_128>
    <txt_129 >Tildel job</txt_129>
    <txt_130 >Tildel job til aktivjobliste</txt_130>
    <txt_131 >Medarbejder(e)</txt_131>
    <txt_132 >Viser aktive job</txt_132>
    <txt_133 >maks</txt_133>
    <txt_134 >hvor du er</txt_134>
    <txt_135 >Jobansvarlig / jobejer</txt_135>
    <txt_136 >Vis seneste 2 uger</txt_136>
    <txt_137 >uge</txt_137>
    <txt_138 >uger</txt_138>
    <txt_139 >frem</txt_139>
    <txt_140 >Sortér alfabetisk</txt_140>
    <txt_141 >ToDo liste</txt_141>
    <txt_142 >seneste 20</txt_142>
    <txt_143 >Se / rediger ToDo listen</txt_143>
    <txt_144 >Afslut</txt_144>
    <txt_145 >Til Teamleder for</txt_145>
    <txt_146 >Følgende medarbejder har registreret en ferie eller fraværs aktivitet som Du skal have besked om</txt_146>
    <txt_147 >Du modtager denne mail da Du står som Notifikations modtager for ovenstående medarbejder.</txt_147>
    <txt_148 >Med venlig hilsen</txt_148>
    <txt_149 >på vegne af</txt_149>
    <txt_150 >Denne mail er afsendt af TimeOut notifikations service</txt_150>
    <txt_151 >Din leder har indtastet fravær på dine vegne</txt_151>
    <txt_152 >Din leder</txt_152>
    <txt_153 >har indtastet følgende fravær for dig</txt_153>
    <txt_154 >Denne mail er afsendt af TimeOut notifikations service</txt_154>
    <txt_155 >Ingen</txt_155>


  </dk>


  <!--- Norsk -->
  <no>

   
  </no>
  
  
  <!--- Svensk -->
  <so>

    
  </so>
  
  
  <!--- Tysk -->
  <de>

  
  </de>
  
  
  <!--- Fransk -->
  <fr>

   
  </fr>
  
    

  <!-- Engelsk -->
  <uk>

    <txt_1 >see weekly note</txt_1>
    <txt_2 >no search result were found</txt_2>
    <txt_3 >activities</txt_3>
    <txt_4 >for this job in the choosen period</txt_4>
    <txt_5 >Please check you permissions</txt_5>
    <txt_6 >to the activities</txt_6>
    <txt_7 >and that they are in the correct</txt_7>
    <txt_8 >timeinterval</txt_8>
    <txt_9 >startdate newer that Monday in choosen weeks</txt_9>
    <txt_10 >If the Job has status as Offer, only</txt_10>
    <txt_11 >sales activities are shown.</txt_11>
    <txt_12 >There</txt_12>
    <txt_13 >is no forecast / timebudget</txt_13>
    <txt_14 >on activities. (forecast filter is on)</txt_14>
    <txt_15 >Add activities to list</txt_15>
    <txt_16 >choose activities from personal activ joblist</txt_16>
    <txt_17 >Contact person</txt_17>
    <txt_18 >Job</txt_18>
    <txt_19 >Phase</txt_19>
    <txt_20 >Activity</txt_20>
    <txt_21 >Choosen activities will appear in the list above.</txt_21>
    <txt_22 >Please wait 2-3 sec.</txt_22>
    <txt_23 >Add</txt_23>
    <txt_24 >Edit</txt_24>
    <txt_25 >work in progress</txt_25>
    <txt_26 >Stad.</txt_26>
    <txt_27 >Invoi.</txt_27>
    <txt_28 >Opdate all empl. in the choosen grp.</txt_28>
    <txt_29 >Esayreg has been choosen</txt_29>
    <txt_30 >All Easyreg. activities are shown</txt_30>
    <txt_31 >HR list has been choosen</txt_31>
    <txt_32 >All intanal jobs, illness, vacation, internal time etc. (priority = -2)</txt_32>
    <txt_33 >Add job to HR list by edit job --> Advanced --> Priority = - 2</txt_33>
    <txt_34 >An error occured</txt_34>
    <txt_35 >Pls. Choose week/month</txt_35>
    <txt_36 >Back</txt_36>
    <txt_37 >Show all employ.</txt_37>
    <txt_38 >Expected loadtime: 4-7 sec.</txt_38>
    <txt_39 >Administrator</txt_39>
    <txt_40 >Shows all activities</txt_40>
    <txt_41 >Teamleader</txt_41>
    <txt_42 >show you permissions, so you can register on behalf of employ. on activities you have access to.</txt_42>
    <txt_43 >Filter</txt_43>
    <txt_44 >Links</txt_44>
    <txt_45 >There are closed for timeregistration</txt_45>
    <txt_46 >The reason is one of these:</txt_46>
    <txt_47 >A) You have to many Open weeks.</txt_47>
    <txt_48 >B) You have been de-activated</txt_48>
    <txt_49 >C) Your termination date is exceeded.</txt_49>
    <txt_50 >Upload and import -csv file</txt_50>
    <txt_51 >Multi add</txt_51>
    <txt_52 >HR list</txt_52>
    <txt_53 >Force min. 7,4 hours / 8,0 hours</txt_53>
    <txt_54 >Show all employees linked (via activ joblist)</txt_54>
    <txt_55 >job</txt_55>
    <txt_56 >Max 50 employees</txt_56>
    <txt_57 >Divide hours to Easyreg. Activities</txt_57>
    <txt_58 >0 = reset</txt_58>
    <txt_59 >Pers.</txt_59>
    <txt_60 >Priority</txt_60>
    <txt_61 >Created by</txt_61>
    <txt_62 >Save</txt_62>
    <txt_63 >Remove</txt_63>
    <txt_64 >Cannot show the following job(s)</txt_64>
    <txt_65 >TimeOut cannot open the following jobs on your active joblist due to several reasons</txt_65>
    <txt_66 >No activities has been added to the job</txt_66>
    <txt_67 >You do not have persmission</txt_67>
    <txt_68 >Startdate of the job is after this weeks startdate</txt_68>
    <txt_69 >You have exceeded maximum of actiivities</txt_69>
    <txt_70 >Try to</txt_70>
    <txt_71 >click on the job to</txt_71>
    <txt_72 >ad project groups</txt_72>
    <txt_73 >Find the job</txt_73>
    <txt_74 >on the joblist</txt_74>
    <txt_75 >to edit</txt_75>
    <txt_76 >startdate</txt_76>
    <txt_77 >Add</txt_77>
    <txt_78 >activities</txt_78>
    <txt_79 >on the job</txt_79>
    <txt_80 >Remove job on the active joblist (max numbers of activities has beed exceede)</txt_80>
    <txt_81 >startdate on the job is after the choosen week</txt_81>
    <txt_82 >Numbers of jobs</txt_82>
    <txt_83 >Number of activitities</txt_83>
    <txt_84 >Comments are saved when hours are submitted. Are added to all activities for the choosen day.</txt_84>
    <txt_85 >Add to timeregistration</txt_85>
    <txt_86 >Ad comment and expence / material to you registration for this activity</txt_86>
    <txt_87 >Milage registration,</txt_87>
    <txt_88 >is this a trip from home?</txt_88>
    <txt_89 >Comments are saved when hours are submitted.</txt_89>
    <txt_90 >Material usage</txt_90>
    <txt_91 >Add "on the fly"</txt_91>
    <txt_92 >Add from stock</txt_92>
    <txt_93 >Add materials to this registration</txt_93>
    <txt_94 >Add new Customer</txt_94>
    <txt_95 >You have driven to</txt_95>
    <txt_96 >or only sales activities are shown</txt_96>
    <txt_97 >settings; use the Contorl Panel</txt_97>
    <txt_98 >Show only job/activitites with</txt_98>
    <txt_99 >for the choosen employees (Control Panel setting)</txt_99>
    <txt_100 >More that 20 jobs or more than 200 activities are choosen on this list</txt_100>
    <txt_101 >If more than 20 Jobs are shown</txt_101>
    <txt_102 >og more than 200 activities</txt_102>
    <txt_103 >the view response time is long and the overview is not good.</txt_103>
    <txt_104 >Please reconsider fewer jobs or clean up the activitylist.</txt_104>
    <txt_105 >Reset</txt_105>
    <txt_106 >If the search-job has stoped you can reset it by clicking here.</txt_106>
    <txt_107 >Rest search-job</txt_107>
    <txt_108 >Est.</txt_108>
    <txt_109 >Update</txt_109>
    <txt_110 >Show all</txt_110>
    <txt_111 >stated</txt_111>
    <txt_112 >h. per week</txt_112>
    <txt_113 >All</txt_113>
    <txt_114 >Material</txt_114>
    <txt_115 >Date</txt_115>
    <txt_116 >Number</txt_116>
    <txt_117 >mat. Nr.</txt_117>
    <txt_118 >Supplier</txt_118>
    <txt_119 >Location</txt_119>
    <txt_120 >Price</txt_120>
    <txt_121 >Retail</txt_121>
    <txt_122 >currency</txt_122>
    <txt_123 >internal code</txt_123>
    <txt_124 >Favorites</txt_124>
    <txt_125 >See personal hour overview and budget</txt_125>
    <txt_126 >Your jobs with budget/forecast FY</txt_126>
    <txt_127 >NoWiP.</txt_127>
    <txt_128 >Todo's</txt_128>
    <txt_129 >Add job</txt_129>
    <txt_130 >Add job to Active Jobliste</txt_130>
    <txt_131 >Empoyee(s)</txt_131>
    <txt_132 >Shows active jobs</txt_132>
    <txt_133 >max</txt_133>
    <txt_134 >where you are</txt_134>
    <txt_135 >projectmanager / job owner</txt_135>
    <txt_136 >Show last 2 weeks</txt_136>
    <txt_137 >week</txt_137>
    <txt_138 >weeks</txt_138>
    <txt_139 >forward</txt_139>
    <txt_140 >Sort alphabetically</txt_140>
    <txt_141 >Todo list</txt_141>
    <txt_142 >Last 20</txt_142>
    <txt_143 >See / edit Todo list</txt_143>
    <txt_144 >End</txt_144>
    <txt_145 >To teamleader for</txt_145>
    <txt_146 >The following employee has registrered absence which you need to be informed about</txt_146>
    <txt_147 >You recieve this message as you har the Nofication reciever for the above employee(s).</txt_147>
    <txt_148 >Kind regards</txt_148>
    <txt_149 >on behalf of</txt_149>
    <txt_150 >This message is send from TimeOut Nofication Service</txt_150>
    <txt_151 >Your leader has registrered absence on half of you</txt_151>
    <txt_152 >Your leader</txt_152>
    <txt_153 >has registrered the following anbsence for you</txt_153>
    <txt_154 >This message is send from TimeOut Nofication Service</txt_154>
    <txt_155 >None</txt_155>

  </uk>


  <!--- Spansk -->
  <es>

   
 </es>


</sprog>